as_of_date,member_id,permno,symbol,ticker_history,company_name,current_security_name,start_date,end_date,source,quote_status
1969-12-31,permno-10495-19570301,10495,A,A,ANACONDA CO; ANACONDA COPPER MNG CO,,1957-03-01,1977-01-19,wrds,reused_symbol_requires_override
1969-12-31,permno-15843-19570301,15843,ABA,ABA,AMERICAN BAKERIES CO; PURITY BAKERIES CORP,,1957-03-01,1973-05-30,wrds,auto
1969-12-31,permno-10233-19690515,10233,ABC,"ABP, ABC",FAMOUS PLAYERS LASKY CORP; PARAMOUNT FAMOUS LASKY CORP; PARAMOUNT PUBLIX CORP; PARAMOUNT PICTURES INC; AMERICAN BROADCASTING PARAMOUNT; UNITED PARAMOUNT THEATRES INC; AMERICAN BROADCASTING COS INC,,1969-05-15,1986-01-08,wrds,ticker_history_requires_override
1969-12-31,permno-10006-19570301,10006,ACF,ACF,AMERICAN CAR & FDRY CO; A C F INDUSTRIES INC,,1957-03-01,1984-07-18,wrds,auto
1969-12-31,permno-19692-19570301,19692,ACK,ACK,ARMSTRONG WORLD INDUSTRIES INC; ARMSTRONG CORK CO; ARMSTRONG HOLDINGS INC,,1957-03-01,1996-01-02,wrds,auto
1969-12-31,permno-18825-19570301,18825,ACN,ACN,AMERICAN CHAIN & CABLE INC; AMERICAN CHAIN INC,,1957-03-01,1976-01-14,wrds,reused_symbol_requires_override
1969-12-31,permno-28994-19680822,28994,ACR,"HFG, ACR",HOME FIN GROUP INC; AMERICAN CREDIT CORP,,1968-08-22,1970-06-24,wrds,ticker_history_requires_override
1969-12-31,permno-10276-19570301,10276,ACS,ACS,AMERICAN CRYSTAL SUGAR CO; AMERICAN BEET SUGAR CO,,1957-03-01,1973-02-28,wrds,reused_symbol_requires_override
1969-12-31,permno-23341-19570301,23341,ACY,ACY,AMERICAN CYANAMID CO,,1957-03-01,1994-09-26,wrds,auto
1969-12-31,permno-10487-19570301,10487,AD,AD,AMSTED INDUSTRIES INC; AMERICAN STEEL FOUNDRIES,,1957-03-01,1986-05-07,wrds,auto
1969-12-31,permno-22488-19570301,22488,ADL,ADL,ADMIRAL CORP,,1957-03-01,1974-04-10,wrds,auto
1969-12-31,permno-10516-19570301,10516,ADM,ADM,ARCHER DANIELS MIDLAND CO,,1957-03-01,1970-04-22,wrds,reused_symbol_requires_override
1969-12-31,permno-24985-19661215,24985,AEE,"UEP, AEE",UNION ELECTRIC CO; AMEREN CORP,,1966-12-15,1976-06-30,wrds,ticker_history_requires_override
1969-12-31,permno-19596-19570301,19596,AEG,"UAL, AEG",U A L INC; U A L CORP; ALLEGIS CORP; UNITED AIR LINES INC; UNITED AIR LINES TRANS CORP,,1957-03-01,1994-07-12,wrds,ticker_history_requires_override
1969-12-31,permno-25873-19651104,25873,AFN,"HLR, AFN",HELLER WALTER E INTL CORP; AMERIFIN CORP; HELLER WALTER E & CO,,1965-11-04,1984-10-24,wrds,ticker_history_requires_override
1969-12-31,permno-24555-19570301,24555,AGM,AGM,AMALGAMATED SUGAR CO,,1957-03-01,1982-10-06,wrds,auto
1969-12-31,permno-21194-19580423,21194,AIC,AIC,AMERICAN INVESTMENT CO IL; AMERICAN INVESTMENT CO,,1958-04-23,1976-06-30,wrds,auto
1969-12-31,permno-24264-19570301,24264,AL,AL,ALCAN INC; ALCAN ALUMINUM LTD; ALUMINUM LTD,,1957-03-01,1996-01-02,wrds,reused_symbol_requires_override
1969-12-31,permno-17304-19570301,17304,ALS,ALS,ALLIED STORES CORP; HAHN DEPT STORES INC,,1957-03-01,1987-01-07,wrds,auto
1969-12-31,permno-18980-19570301,18980,AM,"AIN, AM",ADDRESSOGRAPH MULTIGRAPH CORP; ADDRESSOGRAPH INTL CO; A M INTERNATIONAL INC,,1957-03-01,1976-06-30,wrds,ticker_history_requires_override
1969-12-31,permno-10524-19570301,10524,AM,AM,ARMOUR & CO,,1957-03-01,1971-01-13,wrds,reused_symbol_requires_override
1969-12-31,permno-15763-19570301,15763,AMF,AMF,AMERICAN MACH & FDRY CO; A M F INC,,1957-03-01,1985-10-09,wrds,auto
1969-12-31,permno-10321-19570301,10321,AMO,AMO,NASH KELVINATOR CORP; AMERICAN MOTORS CORP; NASH MOTORS CO,,1957-03-01,1987-08-05,wrds,auto
1969-12-31,permno-27051-19670413,27051,AMP,AMP,A M P INC,,1967-04-13,1996-01-02,wrds,reused_symbol_requires_override
1969-12-31,permno-21020-19570301,21020,AMR,"AAL, AMR",A M R CORP DEL; AMERICAN AIRLINES GROUP INC; AMERICAN AIRLS INC,,1957-03-01,1996-01-02,wrds,ticker_history_requires_override
1969-12-31,permno-10057-19570301,10057,AMT,"NCM, AMT",ACME CLEVELAND CORP NEW; NATIONAL ACME CO; ACME CLEVELAND CORP,,1957-03-01,1992-07-02,wrds,ticker_history_requires_override
1969-12-31,permno-10161-19570301,10161,AMX,AMX,AMERICAN METAL CLIMAX INC; AMERICAN METAL LTD; AMAX INC,,1957-03-01,1993-11-12,wrds,auto
1969-12-31,permno-10102-19570301,10102,AN,AN,AIR REDUCTION INC; AIRCO INC,,1957-03-01,1975-02-05,wrds,reused_symbol_requires_override
1969-12-31,permno-19553-19570301,19553,AN,"SN, AN",STANDARD OIL CO IND; AMOCO CORP,,1957-03-01,1996-01-02,wrds,ticker_history_requires_override
1969-12-31,permno-24141-19570301,24141,ANR,"ANG, ANR",AMERICAN NAT GAS CO; AMERICAN NATURAL GAS CO; AMERICAN NATURAL RESOURCE CO,,1957-03-01,1985-05-22,wrds,ticker_history_requires_override
1969-12-31,permno-18315-19570301,18315,APC,"AHP, SGI, SGIB, APC",ALPHA PORTLAND INDS INC; ALPHA PORTLAND CEM CO; SLATTERY GROUP INC,,1957-03-01,1982-09-15,wrds,ticker_history_requires_override
1969-12-31,permno-10364-19570301,10364,AR,AR,AMERICAN SMLT & REFNG CO; ASARCO INC,,1957-03-01,1996-01-02,wrds,reused_symbol_requires_override
1969-12-31,permno-39271-19680912,39271,ARA,ARA,A R A SERVICES INC; AUTOMATIC RETAILERS AMER INC,,1968-09-12,1984-12-26,wrds,auto
1969-12-31,permno-10604-19570301,10604,ARC,"AFI, ARC",ATLANTIC REFNG CO; ATLANTIC RICHFIELD CO,,1957-03-01,1996-01-02,wrds,ticker_history_requires_override
1969-12-31,permno-17566-19570301,17566,AS,AS,AMERICAN ROLLING ML CO; ARMCO STL CORP; ARMCO INC,,1957-03-01,1996-01-02,wrds,reused_symbol_requires_override
1969-12-31,permno-26649-19680808,26649,ASA,ASA,AMERICAN SOUTH AFRICAN INVT LTD; A S A GOLD & PRECIOUS METALS LTD; A S A LTD; A S A BERMUDA LTD,,1968-08-08,1989-08-02,wrds,auto
1969-12-31,permno-17558-19570301,17558,ASC,ASC,AMERICAN STORES CO; ACME MKTS INC,,1957-03-01,1979-07-27,wrds,reused_symbol_requires_override
1969-12-31,permno-10479-19570301,10479,ASR,ASR,AMERICAN SUGAR CO; AMSTAR CORP; AMERICAN SUGAR REFNG CO,,1957-03-01,1973-02-28,wrds,reused_symbol_requires_override
1969-12-31,permno-10372-19570301,10372,AST,AST,AMERICAN RADIATOR CO; AMERICAN STANDARD INC; AMERICAN RADIATOR & STD SAN CORP,,1957-03-01,1988-04-27,wrds,auto
1969-12-31,permno-40416-19670518,40416,AVP,AVP,AVON PRODUCTS INC,,1967-05-18,1996-01-02,wrds,reused_symbol_requires_override
1969-12-31,permno-25662-19570301,25662,AXO,"ANK, AXO",AKZONA INC; AMERICAN ENKA CORP,,1957-03-01,1982-09-15,wrds,ticker_history_requires_override
1969-12-31,permno-10137-19570301,10137,AYE,"AYP, AYE",WEST PENN ELECTRIC CO; ALLEGHENY ENERGY INC; ALLEGHENY POWER SYSTEMS INC; AMERICAN WATER WORKS & ELEC INC,,1957-03-01,1976-06-30,wrds,ticker_history_requires_override
1969-12-31,permno-24854-19570301,24854,BAW,BAW,BABCOCK & WILCOX CO,,1957-03-01,1978-04-12,wrds,auto
1969-12-31,permno-27836-19610809,27836,BBK,"BBKS, BBK",BOBBIE BROOKS INC,,1961-08-09,1974-05-08,wrds,ticker_history_requires_override
1969-12-31,permno-25697-19570301,25697,BEC,BEC,BECKMAN INSTRUMENTS INC,,1957-03-01,1974-10-16,wrds,reused_symbol_requires_override
1969-12-31,permno-18331-19580924,18331,BF,BF,BUDD CO; BUDD COMPANY; BUDD EDWARD G MANUFACTURING CO,,1958-09-24,1978-05-03,wrds,auto
1969-12-31,permno-10866-19570301,10866,BG,"BWS, CAL, BG",BROWN SHOE INC; CALERES INC; BROWN SHOE CO INC NEW; BROWN SHOE CO INC; BROWN GROUP INC,,1957-03-01,1996-01-02,wrds,ticker_history_requires_override
1969-12-31,permno-24221-19570301,24221,BGE,"CEG, BGE",CONSOLIDATED GAS ELEC LT & PWR; BALTIMORE GAS & ELECTRIC CO; CONSTELLATION ENERGY GROUP INC,,1957-03-01,1996-01-02,wrds,ticker_history_requires_override
1969-12-31,permno-17961-19680404,17961,BGG,BGG,BRIGGS & STRATTON CORP,,1968-04-04,1996-01-02,wrds,reused_symbol_requires_override
1969-12-31,permno-10890-19570301,10890,BGH,"UIS, BGH",BURROUGHS ADDING MACH CO; BURROUGHS CORP; UNISYS CORP,,1957-03-01,1996-01-02,wrds,ticker_history_requires_override
1969-12-31,permno-29962-19680801,29962,BGT,"FIN, BUG, BGT",FINANCIAL CORP AMER; BUDGET INDUSTRIES INC; BUDGET FINANCIAL PLAN INC,,1968-08-01,1970-03-18,wrds,ticker_history_requires_override
1969-12-31,permno-28134-19620110,28134,BKO,BKO,BAKER INTERNATIONAL CORP; BAKER OIL TOOLS INC,,1962-01-10,1987-04-08,wrds,auto
1969-12-31,permno-16571-19570301,16571,BN,BN,BORDEN CO; BORDEN INC,,1957-03-01,1994-12-20,wrds,auto
1969-12-31,permno-19377-19570301,19377,BNL,BNL,BENEFICIAL LN CORP; BENEFICIAL INDL LN CORP; BENEFICIAL FIN CO; BENEFICIAL CORP,,1957-03-01,1996-01-02,wrds,reused_symbol_requires_override
1969-12-31,permno-42606-19680404,42606,BNS,BNS,BROWN & SHARPE MFG CO; B N S CO,,1968-04-04,1992-07-02,wrds,auto
1969-12-31,permno-17590-19570301,17590,BOR,BOR,BORG WARNER CORP,,1957-03-01,1987-08-05,wrds,auto
1969-12-31,permno-14883-19570301,14883,BP,"UCC, BP",UNION BAG CAMP PAPER CORP; UNION BAG & PAPER CORP; UNION CAMP CORP,,1957-03-01,1996-01-02,wrds,ticker_history_requires_override
1969-12-31,permno-17953-19570301,17953,BRY,BRY,BEATRICE CREAMERY CO; BEATRICE FOODS CO; BEATRICE CO,,1957-03-01,1986-04-23,wrds,auto
1969-12-31,permno-10786-19570301,10786,BS,BS,BETHLEHEM STEEL CORP,,1957-03-01,1996-01-02,wrds,auto
1969-12-31,permno-25144-19661215,25144,BSE,BSE,B E C ENERGY; BOSTON EDISON CO,,1966-12-15,1976-06-30,wrds,auto
1969-12-31,permno-10823-19570301,10823,BU,"KSE, BU",KEYSPAN ENERGY CORP; BROOKLYN UNION GAS CO,,1957-03-01,1983-11-30,wrds,ticker_history_requires_override
1969-12-31,permno-20677-19570301,20677,BUR,BUR,BURLINGTON MILLS CORP; BURLINGTON INDUSTRIES INC,,1957-03-01,1987-09-09,wrds,auto
1969-12-31,permno-29911-19660519,29911,BWN,BWN,BROWN CO,,1966-05-19,1980-11-19,wrds,auto
1969-12-31,permno-10751-19570301,10751,BX,BX,BENDIX CORP; BENDIX AVIATION CORP; STROMBERG CARBURETOR CO AMER INC,,1957-03-01,1983-02-02,wrds,reused_symbol_requires_override
1969-12-31,permno-16651-19570301,16651,BY,"BCW, BY",BUCYRUS ERIE CO; BECOR WESTERN INC,,1957-03-01,1987-12-09,wrds,ticker_history_requires_override
1969-12-31,permno-10727-19570301,10727,BYK,BYK,BAYUK CIGARS INC,,1957-03-01,1970-06-24,wrds,auto
1969-12-31,permno-11260-19570301,11260,C,C,CHRYSLER CORP,,1957-03-01,1996-01-02,wrds,reused_symbol_requires_override
1969-12-31,permno-21979-19570301,21979,CBE,CBE,COOPER INDUSTRIES LTD; COOPER INDUSTRIES PLC; COOPER INDUSTRIES INC; COOPER BESSEMER CORP,,1957-03-01,1996-01-02,wrds,reused_symbol_requires_override
1969-12-31,permno-28505-19670518,28505,CBM,CBM,CHESEBROUGH PONDS INC,,1967-05-18,1987-02-11,wrds,auto
1969-12-31,permno-15368-19570301,15368,CBS,"WX, CBS",C B S CORP; WESTINGHOUSE ELECTRIC CORP; WESTINGHOUSE ELECTRIC & MFG CO,,1957-03-01,1996-01-02,wrds,ticker_history_requires_override
1969-12-31,permno-20730-19570301,20730,CBS,CBS,COLUMBIA BROADCASTING SYS INC; C B S INC,,1957-03-01,1995-11-24,wrds,reused_symbol_requires_override
1969-12-31,permno-30330-19661006,30330,CCB,CCB,CAPITAL CITIES ABC INC; CAPITAL CITIES COMMUNICATIONS IN; CAPITAL CITIES BROADCASTING CORP,,1966-10-06,1996-01-02,wrds,reused_symbol_requires_override
1969-12-31,permno-17726-19570301,17726,CCK,CCK,CROWN CORK & SEAL CO INC; CROWN CORK & SEAL INC; CROWN HOLDINGS INC,,1957-03-01,1996-01-02,wrds,reused_symbol_requires_override
1969-12-31,permno-11092-19570301,11092,CDP,CDP,CERRO DE PASCO COPPER CORP; CERRO DE PASCO CORP; CERRO CORP,,1957-03-01,1976-03-03,wrds,auto
1969-12-31,permno-38914-19690522,38914,CEN,"CDA, CEN",CONTROL DATA CORP MN; CONTROL DATA CORP DE; CERIDIAN CORP; CERIDIAN CORP NEW,,1969-05-22,1996-01-02,wrds,ticker_history_requires_override
1969-12-31,permno-86239-19570301,86239,CF,"CFIP, CF",C F & I STEEL CORP; COLORADO FUEL & IRON CORP,,1957-03-01,1972-01-19,wrds,ticker_history_requires_override
1969-12-31,permno-10989-19570301,10989,CFG,"BFO, CPC, CFG",CORN PRODUCTS CO; BESTFOODS; C P C INTERNATIONAL INC; CORN PRODUCTS REFINING CO,,1957-03-01,1996-01-02,wrds,ticker_history_requires_override
1969-12-31,permno-11340-19570301,11340,CG,CG,COLUMBIA GAS & ELEC CO; COLUMBIA GAS SYS INC; COLUMBIA ENERGY GROUP,,1957-03-01,1996-01-02,wrds,reused_symbol_requires_override
1969-12-31,permno-11164-19570301,11164,CGG,CGG,CHICAGO PNEUMATIC TOOL CO,,1957-03-01,1986-12-17,wrds,auto
1969-12-31,permno-11447-19570301,11447,CH,"CCC, CH",CONTINENTAL CAN INC; CONTINENTAL GROUP INC,,1957-03-01,1984-10-03,wrds,ticker_history_requires_override
1969-12-31,permno-16758-19570301,16758,CH,"CEH, CH",CUTLER HAMMER INC; CUTLER HAMMER MFG CO,,1957-03-01,1979-01-10,wrds,ticker_history_requires_override
1969-12-31,permno-21119-19570301,21119,CHB,"RCB, CHB",CHAIN BELT CO; REX CHAINBELT INC; REXNORD INC,,1957-03-01,1987-05-06,wrds,ticker_history_requires_override
1969-12-31,permno-26622-19630829,26622,CHM,CHM,CHAMPION SPARK PLUG CO,,1963-08-29,1989-05-10,wrds,auto
1969-12-31,permno-40432-19680718,40432,CID,CID,CORONET INDUSTRIES INC,,1968-07-18,1971-03-03,wrds,auto
1969-12-31,permno-22947-19570301,22947,CIN,CIN,CINCINNATI GAS & ELEC CO; CINERGY CORP,,1957-03-01,1976-06-30,wrds,reused_symbol_requires_override
1969-12-31,permno-10970-19570301,10970,CIT,CIT,COMMERCIAL INVESTMENT TRUST CO; C I T FINANCIAL CORP,,1957-03-01,1980-02-13,wrds,auto
1969-12-31,permno-18446-19570301,18446,CKL,CKL,CLARK EQUIPMENT CO,,1957-03-01,1995-05-19,wrds,auto
1969-12-31,permno-11471-19570301,11471,CLL,CLL,CONOCO INC; CONTINENTAL OIL CO; MARLAND OIL CO,,1957-03-01,1981-10-14,wrds,auto
1969-12-31,permno-11295-19570301,11295,CLU,CLU,CLUETT PEABODY & CO INC,,1957-03-01,1986-01-22,wrds,auto
1969-12-31,permno-46578-19690116,46578,CLX,CLX,CLOROX CO,,1969-01-16,1996-01-02,wrds,reused_symbol_requires_override
1969-12-31,permno-23229-19570301,23229,CMS,CMS,CONSUMERS POWER CO; CONSUMERS PWR CO; C M S ENERGY CORP,,1957-03-01,1976-06-30,wrds,reused_symbol_requires_override
1969-12-31,permno-21821-19570301,21821,CNG,CNG,CONSOLIDATED NATURAL GAS CO,,1957-03-01,1996-01-02,wrds,reused_symbol_requires_override
1969-12-31,permno-11156-19570301,11156,CO,CO,CHESSIE SYSTEM INC; CHESAPEAKE & OHIO RAILWAY CO,,1957-03-01,1980-11-05,wrds,auto
1969-12-31,permno-24707-19570301,24707,COE,COE,CONE MILLS CORP,,1957-03-01,1984-04-11,wrds,auto
1969-12-31,permno-11332-19671130,11332,COT,"FW, COT",PENNSYLVANIA TEXAS CORP; FAIRBANKS WHITNEY CORP; COLT INDUSTRIES INC DE; PENNSYLVANIA COAL & COKE CORP,,1967-11-30,1970-04-22,wrds,ticker_history_requires_override
1969-12-31,permno-40854-19670720,40854,COX,COX,COX BROADCASTING CORP; COX COMMUNICATION INC,,1967-07-20,1985-07-31,wrds,auto
1969-12-31,permno-11041-19641022,11041,CP,CP,CANADIAN PACIFIC RAILWAY CO; CANADIAN PACIFIC LTD,,1964-10-22,1976-06-30,wrds,auto
1969-12-31,permno-19297-19570301,19297,CPS,CPS,COLUMBIA PICTURES INDS INC; COLUMBIA PICTURES CORP; COLUMBIA PICTURES INDS INC DE,,1957-03-01,1982-06-23,wrds,auto
1969-12-31,permno-23894-19570301,23894,CPX,CPX,COPPER RANGE CO,,1957-03-01,1975-12-10,wrds,auto
1969-12-31,permno-20204-19570301,20204,CR,CR,CRANE HOLDINGS CO; CRANE CO,,1957-03-01,1996-01-02,wrds,reused_symbol_requires_override
1969-12-31,permno-27342-19651021,27342,CRF,CRF,COPELAND REFRIG CORP; COPELAND CORP,,1965-10-21,1981-08-12,wrds,auto
1969-12-31,permno-25478-19640116,25478,CRK,CRK,CAMPBELL RED LAKE MINES LTD,,1964-01-16,1987-08-19,wrds,auto
1969-12-31,permno-22533-19601214,22533,CRR,CRR,CARRIER CORP,,1960-12-14,1979-07-25,wrds,reused_symbol_requires_override
1969-12-31,permno-24571-19570301,24571,CS,CS,CITIES SERVICE CO,,1957-03-01,1982-12-08,wrds,reused_symbol_requires_override
1969-12-31,permno-15915-19570301,15915,CSCS,"DXC, PDI, PNDQ, CSCS",PENN DIXIE INDUSTRIES INC; PENN DIXIE CEM CORP; CONTINENTAL STEEL CORP DE; PENN DIXIE CEMENT CORP; PENNSYLVANIA DIXIE CEM CORP,,1957-03-01,1977-05-18,wrds,ticker_history_requires_override
1969-12-31,permno-18999-19570301,18999,CSP,CSP,COMBUSTION ENGINEERING INC; COMBUSTION ENGR SUPERHEATER INC; SUPERHEATER CO,,1957-03-01,1989-12-15,wrds,auto
1969-12-31,permno-23851-19570301,23851,CSR,CSR,CENTRAL & SOUTH WEST CORP,,1957-03-01,1996-01-02,wrds,reused_symbol_requires_override
1969-12-31,permno-27158-19600713,27158,CSY,CSY,CENTRAL SOYA INC,,1960-07-13,1970-04-22,wrds,auto
1969-12-31,permno-20992-19580409,20992,CTN,CTN,NATIONAL CYLINDER GAS CO; CHEMETRON CORP,,1958-04-09,1975-02-05,wrds,auto
1969-12-31,permno-11543-19570301,11543,CUD,CUD,CUDAHY CO; CUDAHY PACKING CO,,1957-03-01,1971-08-18,wrds,auto
1969-12-31,permno-41080-19650107,41080,CUM,"CMI, CUM",CUMMINS INC; CUMMINS ENGINE INC,,1965-01-07,1996-01-02,wrds,ticker_history_requires_override
1969-12-31,permno-23210-19570301,23210,CVX,CVX,CLEVELAND ELECTRIC ILLUM CO,,1957-03-01,1976-06-30,wrds,reused_symbol_requires_override
1969-12-31,permno-18091-19570301,18091,CW,CW,CURTISS WRIGHT CORP,,1957-03-01,1970-04-22,wrds,auto
1969-12-31,permno-19027-19570301,19027,CZ,CZ,CELANESE CORP; CELANESE CORP AMER,,1957-03-01,1987-02-25,wrds,auto
1969-12-31,permno-26112-19680201,26112,DAL,DAL,DELTA AIR LINES INC,,1968-02-01,1996-01-02,wrds,reused_symbol_requires_override
1969-12-31,permno-11607-19570301,11607,DCN,DCN,SPICER MFG CO; DANA CORP,,1957-03-01,1996-01-02,wrds,auto
1969-12-31,permno-19916-19570301,19916,DCS,"VO, DCS",DISTILLERS CORP SEAGRAMS LTD; SEAGRAM LTD,,1957-03-01,1996-01-02,wrds,ticker_history_requires_override
1969-12-31,permno-11703-19570301,11703,DD,DD,DU PONT E I DE NEMOURS & CO,,1957-03-01,1996-01-02,wrds,reused_symbol_requires_override
1969-12-31,permno-11658-19570301,11658,DEL,"CFF, DEL",CALIFORNIA PACKING CORP; DEL MONTE CORP,,1957-03-01,1979-02-07,wrds,ticker_history_requires_override
1969-12-31,permno-24002-19570301,24002,DEW,"CIV, DEW",DELAWARE POWER & LIGHT CO; DELMARVA POWER & LIGHT CO; CONECTIV INC,,1957-03-01,1976-06-30,wrds,ticker_history_requires_override
1969-12-31,permno-47386-19690327,47386,DFC,DFC,DIAL CORP; DIAL FINL CORP,,1969-03-27,1972-09-20,wrds,auto
1969-12-31,permno-10559-19570301,10559,DG,DG,ASSOCIATED DRY GOODS CORP,,1957-03-01,1986-10-08,wrds,reused_symbol_requires_override
1969-12-31,permno-23237-19570301,23237,DGR,DGR,DENVER & RIO GRANDE WESTN RR CO,,1957-03-01,1970-12-16,wrds,auto
1969-12-31,permno-19254-19570301,19254,DI,DI,DRESSER INDUSTRIES INC; DRESSER MANUFACTURING CO; DRESSER S R MANUFACTURING CO,,1957-03-01,1996-01-02,wrds,reused_symbol_requires_override
1969-12-31,permno-11690-19570301,11690,DM,DM,DOME MINES LTD,,1957-03-01,1987-08-19,wrds,auto
1969-12-31,permno-25689-19570301,25689,DML,DML,DAN RIVER MLS INC; DAN RIVER INC,,1957-03-01,1972-09-20,wrds,auto
1969-12-31,permno-16029-19681107,16029,DN,DN,DIAMOND INTERNATIONAL CORP; DIAMOND MATCH CO; DIAMOND NATIONAL CORP; DIAMOND GARDNER CORP,,1968-11-07,1982-11-17,wrds,auto
1969-12-31,permno-22648-19570301,22648,DOC,DOC,DOCTOR PEPPER CO,,1957-03-01,1984-02-29,wrds,reused_symbol_requires_override
1969-12-31,permno-20626-19570301,20626,DOW,DOW,DOW CHEMICAL CO,,1957-03-01,1996-01-02,wrds,reused_symbol_requires_override
1969-12-31,permno-22859-19570301,22859,DPL,DPL,D P L INC; DAYTON POWER & LIGHT CO,,1957-03-01,1976-06-30,wrds,auto
1969-12-31,permno-25072-19570301,25072,DQE,"DQU, DQE",D Q E INC; DUQUESNE LT CO; DUQUESNE LIGHT HOLDINGS INC; DUQUESNE LIGHT CO,,1957-03-01,1976-06-30,wrds,ticker_history_requires_override
1969-12-31,permno-13354-19570301,13354,DR,"CUE, DR",NATIONAL DISTILLERS & CHEM CORP; QUANTUM CHEMICAL CORP; NATIONAL DISTILLERS PRODS CORP,,1957-03-01,1993-09-30,wrds,ticker_history_requires_override
1969-12-31,permno-20976-19570301,20976,EAL,EAL,EASTERN AIR LINES INC,,1957-03-01,1976-06-30,wrds,auto
1969-12-31,permno-24096-19570301,24096,EAS,"NGE, NEG, EAS",ENERGY EAST CORP; NEW YORK ST ELEC & GAS CORP,,1957-03-01,1976-06-30,wrds,ticker_history_requires_override
1969-12-31,permno-26075-19660929,26075,EFU,EFU,EASTERN ENTERPRISES; EASTERN GAS & FUEL ASSOCIATE,,1966-09-29,1996-01-02,wrds,reused_symbol_requires_override
1969-12-31,permno-11826-19570301,11826,EJN,EJN,ENDICOTT JOHNSON CORP,,1957-03-01,1970-06-24,wrds,auto
1969-12-31,permno-11754-19570301,11754,EK,EK,EASTMAN KODAK CO,,1957-03-01,1996-01-02,wrds,auto
1969-12-31,permno-20239-19570301,20239,ELG,ELG,EL PASO CO; EL PASO NATURAL GAS CO,,1957-03-01,1983-11-30,wrds,auto
1969-12-31,permno-22103-19650107,22103,EMR,EMR,EMERSON ELECTRIC CO; EMERSON ELECTRIC MFG CO,,1965-01-07,1996-01-02,wrds,reused_symbol_requires_override
1969-12-31,permno-23317-19570301,23317,ENE,"INI, NNG, ENE",INTERNORTH INC; NORTHERN NAT GAS CO; ENRON CORP,,1957-03-01,1996-01-02,wrds,ticker_history_requires_override
1969-12-31,permno-24328-19570301,24328,EQT,EQT,EQUITABLE GAS CO; E Q T CORP; EQUITABLE RESOURCES INC,,1957-03-01,1976-06-30,wrds,reused_symbol_requires_override
1969-12-31,permno-11746-19630627,11746,ESB,ESB,ELECTRIC STORAGE BATTERY CO; E S B INC,,1963-06-27,1973-11-14,wrds,auto
1969-12-31,permno-19713-19570301,19713,ESM,"SWX, ESM",SWIFT & CO; ESMARK INC,,1957-03-01,1984-08-15,wrds,ticker_history_requires_override
1969-12-31,permno-41785-19680509,41785,EXC,EXC,ESSEX INTERNATIONAL INC; ESSEX WIRE CORP,,1968-05-09,1974-02-20,wrds,reused_symbol_requires_override
1969-12-31,permno-27852-19670518,27852,FAC,FAC,FACTOR MAX & CO,,1967-05-18,1973-02-28,wrds,auto
1969-12-31,permno-23683-19570301,23683,FALB,"FAL, FALB",FALSTAFF BREWING CORP,,1957-03-01,1975-06-11,wrds,ticker_history_requires_override
1969-12-31,permno-24088-19570301,24088,FAM,"ARR, FAM",ARISTAR INC; FAMILY FIN CORP,,1957-03-01,1976-06-30,wrds,ticker_history_requires_override
1969-12-31,permno-19879-19571204,19879,FBD,"FPP, FBD",FIBREBOARD PAPER PRODS CORP; PABCO PRODS INC; FIBREBOARD CORP; PARAFFINE COS INC,,1957-12-04,1978-07-19,wrds,ticker_history_requires_override
1969-12-31,permno-25371-19570301,25371,FBO,FBO,FEDERAL PAPER BOARD INC,,1957-03-01,1996-01-02,wrds,reused_symbol_requires_override
1969-12-31,permno-27297-19650617,27297,FCF,FCF,FIRST CHARTER FINL CORP,,1965-06-17,1983-08-10,wrds,auto
1969-12-31,permno-41515-19650215,41515,FDB,"AEX, DOSKV, DOSK, FBAI, AEIC, FDB",FOODBRANDS AMERICA INC; AMERICAN EXPORT ISBRANDTSEN CO; AMERICAN EXPORT INDS INC; DOSKOCIL COMPANIES INC; AEICOR INC,,1965-02-15,1970-04-22,wrds,ticker_history_requires_override
1969-12-31,permno-22496-19570301,22496,FDP,"FPC, FDP",FLORIDA PWR CORP; FLORIDA PROGRESS CORP,,1957-03-01,1976-06-30,wrds,ticker_history_requires_override
1969-12-31,permno-18550-19570301,18550,FDS,FDS,FEDERATED DEPARTMENT STORES INC,,1957-03-01,1988-05-04,wrds,reused_symbol_requires_override
1969-12-31,permno-28177-19650617,28177,FFI,FFI,FINANCIAL FEDERATION INC,,1965-06-17,1973-05-30,wrds,auto
1969-12-31,permno-21346-19570301,21346,FFS,FFS,UNION PREMIER FOOD STORES INC; FOOD FAIR STORES INC; FOOD FAIR INC,,1957-03-01,1978-10-04,wrds,auto
1969-12-31,permno-18569-19570301,18569,FIR,FIR,FIRESTONE INC; FIRESTONE TIRE & RUBBER CO,,1957-03-01,1988-05-04,wrds,auto
1969-12-31,permno-23552-19630117,23552,FJQ,"FJC, FJQ",FEDDERS CORP; FEDDERS QUIGAN CORP,,1963-01-17,1994-04-05,wrds,ticker_history_requires_override
1969-12-31,permno-15456-19570301,15456,FL,"Z, FL",FOOT LOCKER INC; VENATOR GROUP INC; WOOLWORTH CORP; WOOLWORTH F W CO,,1957-03-01,1996-01-02,wrds,ticker_history_requires_override
1969-12-31,permno-19166-19640220,19166,FMC,FMC,FOOD MACHY CORP; F M C CORP; FOOD MACHY & CHEM CORP,,1964-02-20,1996-01-02,wrds,reused_symbol_requires_override
1969-12-31,permno-21338-19640123,21338,FMO,FMO,FEDERAL MOGUL BOWER BEARINGS INC; FEDERAL MOGUL CORP,,1964-01-23,1973-11-14,wrds,auto
1969-12-31,permno-23130-19591216,23130,FN,FN,ST LOUIS SAN FRANCISCO RY CO,,1959-12-16,1980-12-10,wrds,auto
1969-12-31,permno-20167-19570301,20167,FO,FO,FLINTKOTE CO,,1957-03-01,1980-01-16,wrds,reused_symbol_requires_override
1969-12-31,permno-10225-19570301,10225,FO,"AMB, BEAM, AT, FO",FORTUNE BRANDS INC; AMERICAN BRANDS INC; AMERICAN TOB CO; BEAM INC,,1957-03-01,1996-01-02,wrds,ticker_history_requires_override
1969-12-31,permno-11949-19570301,11949,FST,FST,FIRST NATIONAL STORES INC,,1957-03-01,1973-05-30,wrds,auto
1969-12-31,permno-11981-19570301,11981,FT,FT,FREEPORT SULPHUR CO; FREEPORT MINERALS CO; FREEPORT TEX CO,,1957-03-01,1972-09-13,wrds,auto
1969-12-31,permno-21522-19570301,21522,FTR,FTR,FRUEHAUF TRAILER CO; FRUEHAUF CORP,,1957-03-01,1986-10-22,wrds,reused_symbol_requires_override
1969-12-31,permno-18112-19570301,18112,FWC,"FWLT, FWC",FOSTER WHEELER CORP; FOSTER WHEELER LTD; FOSTER WHEELER AG,,1957-03-01,1996-01-02,wrds,ticker_history_requires_override
1969-12-31,permno-25515-19630919,25515,GAC,GAC,GENERAL ACCEPTANCE CORP; G A C CORP,,1963-09-19,1976-01-14,wrds,auto
1969-12-31,permno-41953-19650617,41953,GAF,GAF,G A F CORP; GENERAL ANILINE & FILM CORP,,1965-06-17,1975-02-05,wrds,auto
1969-12-31,permno-26120-19630117,26120,GAO,GAO,GENERAL AMERICAN OIL CO TX,,1963-01-17,1983-03-09,wrds,auto
1969-12-31,permno-26657-19581210,26657,GAP,GAP,GREAT ATLANTIC & PAC TEA INC,,1958-12-10,1996-01-02,wrds,auto
1969-12-31,permno-21055-19570301,21055,GCO,GCO,GENESCO INC; GENERAL SHOE CORP,,1957-03-01,1994-09-30,wrds,auto
1969-12-31,permno-12044-19570301,12044,GCR,"CUC, CBO, GCR",GENERAL CIGAR INC; CULBRO CORP,,1957-03-01,1970-06-24,wrds,ticker_history_requires_override
1969-12-31,permno-22007-19570301,22007,GDC,GDC,GARDNER DENVER CO,,1957-03-01,1979-05-02,wrds,auto
1969-12-31,permno-25910-19601228,25910,GEB,GEB,GERBER PRODUCTS CO,,1960-12-28,1994-06-30,wrds,auto
1969-12-31,permno-19414-19671005,19414,GET,GET,PACIFIC WESTN OIL CORP; GETTY OIL CO,,1967-10-05,1984-02-29,wrds,auto
1969-12-31,permno-16109-19570301,16109,GF,GF,POSTUM CEREAL CO INC DEL; POSTUM INC; GENERAL FOODS CORP,,1957-03-01,1985-11-06,wrds,auto
1969-12-31,permno-43609-19670720,43609,GG,GG,GREEN GIANT CO,,1967-07-20,1979-02-07,wrds,auto
1969-12-31,permno-19174-19570301,19174,GH,"GBG, GH",GENERAL BAKING CO; GENERAL HOST CORP,,1957-03-01,1971-08-18,wrds,ticker_history_requires_override
1969-12-31,permno-44505-19680118,44505,GID,GID,GIDDINGS & LEWIS INC,,1968-01-18,1982-08-11,wrds,auto
1969-12-31,permno-17144-19690213,17144,GIS,GIS,GENERAL MILLS INC,,1969-02-13,1996-01-02,wrds,reused_symbol_requires_override
1969-12-31,permno-16598-19570301,16598,GK,GK,G K TECHNOLOGIES INC; GENERAL CABLE CORP,,1957-03-01,1981-06-17,wrds,auto
1969-12-31,permno-42075-19680725,42075,GLR,GLR,GROLIER INC,,1968-07-25,1975-12-10,wrds,auto
1969-12-31,permno-12079-19570301,12079,GM,GM,GENERAL MOTORS CORP,,1957-03-01,1996-01-02,wrds,reused_symbol_requires_override
1969-12-31,permno-12124-19570301,12124,GMBL,"GI, GMBL",GIMBEL BROTHERS INC; GIMBEL BROS INC,,1957-03-01,1973-08-01,wrds,ticker_history_requires_override
1969-12-31,permno-12183-19570301,12183,GN,GN,GREAT NORTHERN RAILWAY CO,,1957-03-01,1970-03-04,wrds,auto
1969-12-31,permno-22568-19690807,22568,GNB,"GLD, GNB",GOULD INC; NATIONAL BATTERY CO; GOULD NATIONAL BATTERIES INC,,1969-08-07,1988-10-05,wrds,ticker_history_requires_override
1969-12-31,permno-21768-19570301,21768,GO,GO,GULF CORP; GULF OIL CORP,,1957-03-01,1984-06-20,wrds,auto
1969-12-31,permno-23464-19570301,23464,GPT,GPT,GENERAL PORTLAND CEM CO; GENERAL PORTLAND INC; GENERAL PORTLAND CEMENT CO,,1957-03-01,1981-12-09,wrds,auto
1969-12-31,permno-22541-19570301,22541,GPU,"GUY, GPU",GENERAL PUBLIC UTILS CORP; G P U INC,,1957-03-01,1976-06-30,wrds,ticker_history_requires_override
1969-12-31,permno-21274-19670427,21274,GQ,GQ,GRUMMAN AIRCRAFT ENGR CORP; GRUMMAN CORP,,1967-04-27,1994-04-15,wrds,auto
1969-12-31,permno-12140-19570301,12140,GR,GR,GOODRICH CORP; GOODRICH B F CO,,1957-03-01,1996-01-02,wrds,reused_symbol_requires_override
1969-12-31,permno-25005-19570301,25005,GRA,GRA,GRACE W R & CO,,1957-03-01,1996-01-02,wrds,reused_symbol_requires_override
1969-12-31,permno-13143-19611025,13143,GRH,"MGM, GRH",METRO GOLDWYN MAYER INC; M G M GRAND HOTELS INC; LOEWS INC,,1961-10-25,1980-06-16,wrds,ticker_history_requires_override
1969-12-31,permno-23253-19620201,23253,GRL,GRL,GENERAL INSTRUMENT CORP,,1962-02-01,1974-10-16,wrds,reused_symbol_requires_override
1969-12-31,permno-16424-19601026,16424,GS,"G, GS",GILLETTE SAFETY RAZOR CO; GILLETTE CO,,1960-10-26,1996-01-02,wrds,ticker_history_requires_override
1969-12-31,permno-25902-19650107,25902,GSI,GSI,GENERAL STEEL INDUSTRIES INC; GENERAL STEEL CASTINGS CORP,,1965-01-07,1973-05-30,wrds,auto
1969-12-31,permno-23800-19650107,23800,GSK,GSK,GAMBLE SKOGMO INC,,1965-01-07,1976-12-08,wrds,auto
1969-12-31,permno-12095-19570301,12095,GSX,"GRS, GSX",GENERAL SIGNAL CORP; GENERAL RY SIGNAL CO,,1957-03-01,1996-01-02,wrds,ticker_history_requires_override
1969-12-31,permno-16432-19570301,16432,GT,GT,GOODYEAR TIRE & RUBBER CO,,1957-03-01,1996-01-02,wrds,reused_symbol_requires_override
1969-12-31,permno-21004-19570301,21004,GTE,"GEN, GTE",G T E CORP; GENERAL TEL CORP; GENERAL TEL & ELECTRS CORP,,1957-03-01,1996-01-02,wrds,ticker_history_requires_override
1969-12-31,permno-16969-19570301,16969,GTY,GTY,GRANT W T CO,,1957-03-01,1975-10-15,wrds,auto
1969-12-31,permno-12167-19570301,12167,GUX,GUX,GRAND UNION CO; JONES BROTHERS TEA CO,,1957-03-01,1975-12-10,wrds,auto
1969-12-31,permno-27115-19650617,27115,GWF,GWF,GREAT WESTERN FINANCIAL CORP,,1965-06-17,1996-01-02,wrds,reused_symbol_requires_override
1969-12-31,permno-45620-19680116,45620,GWU,GWU,GREAT WESTERN UNITED CORP,,1968-01-16,1978-03-01,wrds,auto
1969-12-31,permno-23915-19640220,23915,GXP,"GP, GXP",GEORGIA PACIFIC PLYWOOD CO; GEORGIA PACIFIC CORP; GEORGIA PACIFIC PLYWD & LMBR CO,,1964-02-20,1996-01-02,wrds,ticker_history_requires_override
1969-12-31,permno-28089-19680404,28089,HAR,"MMA, HAR",HARVEY ALUM INC; MARTIN MARIETTA ALUM INC,,1968-04-04,1970-04-22,wrds,ticker_history_requires_override
1969-12-31,permno-27924-19680523,27924,HBJ,"HBW, HBJ",HARCOURT BRACE & WORLD INC; HARCOURT BRACE JOVANOVICH INC,,1968-05-23,1991-11-22,wrds,ticker_history_requires_override
1969-12-31,permno-27879-19670518,27879,HC,HC,HELENE CURTIS INDS INC,,1967-05-18,1973-02-28,wrds,auto
1969-12-31,permno-20896-19570821,20896,HD,HD,HUDSON BAY MNG & SMLT LTD,,1957-08-21,1983-07-06,wrds,reused_symbol_requires_override
1969-12-31,permno-28484-19570301,28484,HES,"AHC, HES",HESS OIL & CHEM CORP; AMERADA HESS CORP; HESS CORP,,1957-03-01,1976-06-30,wrds,ticker_history_requires_override
1969-12-31,permno-20124-19570301,20124,HFC,"HI, HFC",HOUSEHOLD FINANCE CORP; HOUSEHOLD INTERNATIONAL INC,,1957-03-01,1996-01-02,wrds,ticker_history_requires_override
1969-12-31,permno-19940-19570301,19940,HIR,HIR,WALKER HIRAM GOODERHAM & WORTS,,1957-03-01,1980-04-09,wrds,auto
1969-12-31,permno-19887-19570301,19887,HLYS,"HLY, HLYS",HOLLY SUGAR CORP,,1957-03-01,1982-10-06,wrds,ticker_history_requires_override
1969-12-31,permno-12319-19570301,12319,HM,HM,HOMESTAKE MINING CO,,1957-03-01,1996-01-02,wrds,reused_symbol_requires_override
1969-12-31,permno-43203-19680808,43203,HNS,HNS,HANES CORP,,1968-08-08,1979-02-07,wrds,auto
1969-12-31,permno-23077-19570301,23077,HNZ,HNZ,HEINZ H J CO,,1957-03-01,1996-01-02,wrds,reused_symbol_requires_override
1969-12-31,permno-18374-19580102,18374,HON,"MHW, HON",MINNEAPOLIS HONEYWELL REGULATOR; HONEYWELL INC,,1958-01-02,1996-01-02,wrds,ticker_history_requires_override
1969-12-31,permno-18016-19570301,18016,HPC,HPC,HERCULES POWDER CO; HERCULES INC,,1957-03-01,1996-01-02,wrds,reused_symbol_requires_override
1969-12-31,permno-15667-19570301,15667,HPT,"AHP, WYE, HPT",AMERICAN HOME PRODUCTS CORP; WYETH,,1957-03-01,1996-01-02,wrds,ticker_history_requires_override
1969-12-31,permno-12343-19640116,12343,HW,HW,HOWE SOUND CO DEL; HOWE SOUND CO ME; HOWMET CORP,,1964-01-16,1975-08-13,wrds,reused_symbol_requires_override
1969-12-31,permno-12458-19570301,12458,IAD,"RT, RYI, IAD",INLAND STEEL CO; RYERSON INC; RYERSON TULL INC NEW; INLAND STEEL INDUSTRIES INC,,1957-03-01,1996-01-02,wrds,ticker_history_requires_override
1969-12-31,permno-46252-19681212,46252,IBP,IBP,IOWA BEEF PROCESSORS INC,,1968-12-12,1981-09-09,wrds,auto
1969-12-31,permno-12466-19570301,12466,IC,IC,INSPIRATION CONSOLIDATED CPPR CO,,1957-03-01,1978-08-23,wrds,auto
1969-12-31,permno-38973-19630325,38973,ICX,"PAS, WH, IL, ICX",WHITMAN CORP; PEPSIAMERICAS INC NEW; ILLINOIS CENT INDUSTRIES INC; WHITMAN CORP NEW; I C INDUSTRIES INC,,1963-03-25,1996-01-02,wrds,ticker_history_requires_override
1969-12-31,permno-21928-19661215,21928,IDA,IDA,IDAHO POWER CO; IDACORP INC,,1966-12-15,1976-06-30,wrds,auto
1969-12-31,permno-23720-19570301,23720,ILN,"IPC, ILN",ILLINOIS POWER CO; ILLINOVA CORP,,1957-03-01,1976-06-30,wrds,ticker_history_requires_override
1969-12-31,permno-21370-19570301,21370,IPR,"IPL, IPR",IPALCO ENTERPRISES INC; INDIANAPOLIS PWR & LT CO,,1957-03-01,1976-06-30,wrds,ticker_history_requires_override
1969-12-31,permno-18278-19570301,18278,ISS,ISS,INTERNATIONAL SHOE CO; INTERCO INC,,1957-03-01,1990-12-04,wrds,auto
1969-12-31,permno-22920-19630131,22920,ITC,"SUC, ITC",AMERICAN MOLASSES CO; SUCREST CORP; INGREDIENT TECHNOLOGY CORP,,1963-01-31,1973-02-28,wrds,ticker_history_requires_override
1969-12-31,permno-26155-19660623,26155,ITE,ITE,I T E IMPERIAL CORP; I T E CIRCUIT BREAKER CO,,1966-06-23,1976-03-17,wrds,auto
1969-12-31,permno-12570-19570301,12570,ITT,"IIN, IT, ITT",I T T INDUSTRIES INC IND; INTERNATIONAL TEL & TELEG CORP; I T T CORP; I T T INC,,1957-03-01,1996-01-02,wrds,ticker_history_requires_override
1969-12-31,permno-18403-19570301,18403,JCP,JCP,PENNEY J C CO INC; PENNEY J C INC,,1957-03-01,1996-01-02,wrds,reused_symbol_requires_override
1969-12-31,permno-20415-19690703,20415,JEF,"LUK, TLC, JEF",JEFFERIES FINANCIAL GROUP INC; TALCOTT JAMES INC; LEUCADIA NATIONAL CORP; TALCOTT NATIONAL CORP,,1969-07-03,1976-06-30,wrds,ticker_history_requires_override
1969-12-31,permno-11068-19570301,11068,JI,JI,CASE J I THRESHING MACH CO; CASE J I CO,,1957-03-01,1970-08-12,wrds,auto
1969-12-31,permno-19510-19570301,19510,JJN,JJN,NEWBERRY J J CO,,1957-03-01,1972-09-13,wrds,auto
1969-12-31,permno-21530-19570301,21530,JL,JL,JONES & LAUGHLIN STL CORP,,1957-03-01,1970-04-22,wrds,auto
1969-12-31,permno-16707-19570301,16707,JM,"MAN, JM",JOHNS MANVILLE CORP; MANVILLE CORP,,1957-03-01,1982-09-15,wrds,ticker_history_requires_override
1969-12-31,permno-27174-19650114,27174,JOL,JOL,JONATHAN LOGAN INC,,1965-01-14,1984-10-24,wrds,auto
1969-12-31,permno-21557-19570301,21557,JOY,JOY,JOY MANUFACTURING CO,,1957-03-01,1987-06-24,wrds,reused_symbol_requires_override
1969-12-31,permno-40301-19640903,40301,JWC,JWC,WALTER JIM CORP,,1964-09-03,1987-12-30,wrds,auto
1969-12-31,permno-12626-19570301,12626,JWL,"JWT, JWL",JEWEL COMPANIES INC; JEWEL TEA INC,,1957-03-01,1984-11-21,wrds,ticker_history_requires_override
1969-12-31,permno-26825-19610426,26825,K,K,KELLOGG CO,,1961-04-26,1996-01-02,wrds,reused_symbol_requires_override
1969-12-31,permno-24635-19570301,24635,KLU,KLU,KAISER ALUMINUM & CHEMICAL CORP; KAISERTECH LTD DE,,1957-03-01,1988-11-02,wrds,auto
1969-12-31,permno-12749-19570301,12749,KM,"KG, KM",K MART CORP; KRESGE S S CO,,1957-03-01,1996-01-02,wrds,ticker_history_requires_override
1969-12-31,permno-12706-19570301,12706,KN,KN,KENNECOTT CORP; KENNECOTT COPPER CORP,,1957-03-01,1981-06-24,wrds,auto
1969-12-31,permno-27510-19610816,27510,KNY,KNY,COCA COLA BOTTLING CO NY INC,,1961-08-16,1981-09-09,wrds,auto
1969-12-31,permno-40790-19650304,40790,KOE,KOE,KOEHRING CO,,1965-03-04,1980-10-01,wrds,auto
1969-12-31,permno-12730-19570301,12730,KRA,"ND, KRA",KRAFT INC; NATIONAL DAIRY PRODS CORP; KRAFTCO CORP,,1957-03-01,1980-09-26,wrds,ticker_history_requires_override
1969-12-31,permno-12650-19580604,12650,KSU,KSU,KANSAS CITY SOUTHERN; KANSAS CITY SOUTHERN RY CO; KANSAS CITY SOUTHERN INDS INC,,1958-06-04,1976-06-30,wrds,reused_symbol_requires_override
1969-12-31,permno-16280-19670928,16280,KW,KW,KELSEY WHEEL CO; KELSEY HAYES CO; KELSEY HAYES WHEEL INC; KELSEY HAYES WHEEL CORP,,1967-09-28,1973-11-14,wrds,auto
1969-12-31,permno-12669-19570301,12669,KYR,KYR,KAYSER JULIUS & CO; KAYSER ROTH CORP,,1957-03-01,1975-10-15,wrds,auto
1969-12-31,permno-12888-19570301,12888,LCE,LCE,INTERNATIONAL CEMENT CORP; LONE STAR CEMENT CORP; LONE STAR INDUSTRIES INC,,1957-03-01,1990-12-11,wrds,auto
1969-12-31,permno-12837-19570301,12837,LGT,"LM, LGT",LIGGETT GROUP INC; LIGGETT & MYERS INC; LIGGETT & MYERS TOB CO,,1957-03-01,1980-08-27,wrds,ticker_history_requires_override
1969-12-31,permno-26294-19590325,26294,LIT,LIT,LITTON INDUSTRIES INC,,1959-03-25,1974-10-16,wrds,reused_symbol_requires_override
1969-12-31,permno-19756-19570301,19756,LJ,LJ,LIBBY MC NEILL & LIBBY,,1957-03-01,1976-01-14,wrds,auto
1969-12-31,permno-45225-19680801,45225,LLC,"VHI, LLC",LIBERTY LN CORP; VALHI INC NEW; LLC CORP,,1968-08-01,1972-09-20,wrds,ticker_history_requires_override
1969-12-31,permno-33814-19690109,33814,LLX,LLX,LOUISIANA LAND & EXPLORATION CO,,1969-01-09,1996-01-02,wrds,reused_symbol_requires_override
1969-12-31,permno-21178-19570301,21178,LMT,"LK, LMT",LOCKHEED CORP; LOCKHEED AIRCRAFT CORP; LOCKHEED MARTIN CORP,,1957-03-01,1975-12-10,wrds,ticker_history_requires_override
1969-12-31,permno-12909-19570301,12909,LN,LN,LOUISVILLE & NASHVILLE RR CO,,1957-03-01,1971-06-23,wrds,auto
1969-12-31,permno-16731-19570301,16731,LPT,LPT,LEHIGH PORTLAND CEM CO,,1957-03-01,1977-11-02,wrds,auto
1969-12-31,permno-25056-19570301,25056,LSG,"ENS, LSG",LONE STAR GAS CO; ENSERCH CORP,,1957-03-01,1996-01-02,wrds,ticker_history_requires_override
1969-12-31,permno-28003-19610920,28003,LSO,LSO,LEESONA CORP,,1961-09-20,1978-04-12,wrds,auto
1969-12-31,permno-22728-19570301,22728,LST,LST,LOWENSTEIN M & SONS; LOWENSTEIN M & SONS INC; LOWENSTEIN M CORP,,1957-03-01,1985-11-13,wrds,auto
1969-12-31,permno-26569-19690529,26569,LYK,"LY, LYK",LYKES CORP DE; LYKES BROTHERS SS CO; LYKES CORP; LYKES YOUNGSTOWN CORP,,1969-05-29,1978-12-13,wrds,ticker_history_requires_override
1969-12-31,permno-13063-19570301,13063,M,M,MONTGOMERY WARD & CO; MARCOR INC,,1957-03-01,1976-06-30,wrds,reused_symbol_requires_override
1969-12-31,permno-13100-19570301,13100,MA,"MAY, MA",MAY DEPARTMENT STORES CO,,1957-03-01,1996-01-02,wrds,ticker_history_requires_override
1969-12-31,permno-26729-19651014,26729,MAC,"MD, MAC",MCDONNELL CO; MCDONNELL DOUGLAS CORP; MCDONNELL AIRCRAFT CORP,,1965-10-14,1996-01-02,wrds,ticker_history_requires_override
1969-12-31,permno-23018-19570301,23018,MAG,MAG,MAGNAVOX CO; MAGNAVOX COMPANY,,1957-03-01,1974-10-16,wrds,auto
1969-12-31,permno-33873-19680912,33873,MAK,MAK,MACKE CO; MACKE VENDING CO,,1968-09-12,1981-02-25,wrds,auto
1969-12-31,permno-27086-19670713,27086,MCA,MCA,M C A INC,,1967-07-13,1990-12-28,wrds,auto
1969-12-31,permno-22461-19570301,22461,MCL,"MMR, MCL",MOORE MCCORMACK LINES INC; MOORE & MCCORMACK CO; MOORE MCCORMACK RESOURCES INC,,1957-03-01,1970-04-22,wrds,ticker_history_requires_override
1969-12-31,permno-34024-19681107,34024,MCP,"MDC, MCP",MARYLAND CUP CORP,,1968-11-07,1983-09-07,wrds,ticker_history_requires_override
1969-12-31,permno-42796-19680523,42796,MDP,MDP,MEREDITH CORP,,1968-05-23,1996-01-02,wrds,reused_symbol_requires_override
1969-12-31,permno-19895-19570301,19895,MEA,MEA,MEAD CORP,,1957-03-01,1996-01-02,wrds,reused_symbol_requires_override
1969-12-31,permno-28580-19630905,28580,MET,MET,METROMEDIA INC,,1963-09-05,1984-06-27,wrds,reused_symbol_requires_override
1969-12-31,permno-18884-19570301,18884,MF,MF,MARSHALL FIELD & CO IL; MARSHALL FIELD & CO ILL; MARSHALL FIELD & CO DE,,1957-03-01,1982-06-16,wrds,auto
1969-12-31,permno-20263-19570301,20263,MGR,MGR,MCGRAW EDISON CO; MCGRAW ELECTRIC CO,,1957-03-01,1985-05-08,wrds,auto
1969-12-31,permno-23886-19570301,23886,MGW,"RDT, RBI, MGW",MURPHY G W INDS INC; REED ROLLER BIT CO; REED TOOL CO; REED INTL INC,,1957-03-01,1973-05-30,wrds,ticker_history_requires_override
1969-12-31,permno-13012-19570301,13012,MHT,"MSH, MHT",MANHATTAN INDUSTRIES INC; MANHATTAN SHIRT CO,,1957-03-01,1971-12-08,wrds,ticker_history_requires_override
1969-12-31,permno-24627-19570301,24627,MIS,MIS,MISSISSIPPI RIVER FUEL CORP; MISSISSIPPI RIVER CORP; MISSOURI PACIFIC CORP,,1957-03-01,1974-09-11,wrds,reused_symbol_requires_override
1969-12-31,permno-20562-19570301,20562,ML,ML,MARTIN GLENN L CO; MARTIN MARIETTA CORP; MARTIN CO; MARTIN MARIETTA CORP NEW,,1957-03-01,1995-03-15,wrds,auto
1969-12-31,permno-27027-19601214,27027,MLL,"CRW, MLL",MACMILLAN INC; CROWELL COLLIER & MACMILLAN INC; CROWELL COLLIER PUBG CO,,1960-12-14,1988-11-09,wrds,ticker_history_requires_override
1969-12-31,permno-22023-19570301,22023,MMO,"GWO, MMO",MONARCH MACHINE TOOL CO; GENESIS WORLDWIDE INC,,1957-03-01,1992-07-02,wrds,ticker_history_requires_override
1969-12-31,permno-20386-19570301,20386,MNC,MNC,MASONITE CORP,,1957-03-01,1984-05-16,wrds,auto
1969-12-31,permno-22760-19570301,22760,MOH,MOH,MOHASCO CORP; SMITH ALEXANDER & SONS CARPET CO; MOHASCO INDUSTRIES INC; SMITH ALEXANDER INC,,1957-03-01,1988-07-13,wrds,reused_symbol_requires_override
1969-12-31,permno-20095-19570301,20095,MPH,MPH,MURPHY G C & CO,,1957-03-01,1976-12-08,wrds,auto
1969-12-31,permno-25195-19570301,25195,MQC,MQC,MARQUETTE CEMENT MFG CO; MARQUETTE CO,,1957-03-01,1976-09-22,wrds,auto
1969-12-31,permno-15544-19681107,15544,MS,MS,MCCRORY STORES CORP; MCCRORY MCLELLAN STORES CORP; MCCRORY CORP,,1968-11-07,1975-08-13,wrds,reused_symbol_requires_override
1969-12-31,permno-22891-19570301,22891,MST,MST,MERCANTILE STORES INC,,1957-03-01,1976-12-08,wrds,reused_symbol_requires_override
1969-12-31,permno-18382-19570301,18382,MTC,"PHA, MTC",MONSANTO CHEMICAL CO; PHARMACIA CORP; MONSANTO CO; MONSANTO CHEMICAL WORKS INC,,1957-03-01,1996-01-02,wrds,ticker_history_requires_override
1969-12-31,permno-13119-19601214,13119,MYG,MYG,MAYTAG CORP; MAYTAG CO,,1960-12-14,1996-01-02,wrds,reused_symbol_requires_override
1969-12-31,permno-22680-19570301,22680,MZ,"CMZ, MZ",CINCINNATI MILACRON INC; CINCINNATI MILLING MACHINE CO; MILACRON INC,,1957-03-01,1996-01-02,wrds,ticker_history_requires_override
1969-12-31,permno-12976-19570301,12976,MZ,MZ,MACY R H & CO INC,,1957-03-01,1986-07-16,wrds,reused_symbol_requires_override
1969-12-31,permno-12546-19570301,12546,N,N,INCO LTD; INTERNATIONAL NICKEL CO CDA LTD,,1957-03-01,1996-01-02,wrds,auto
1969-12-31,permno-13311-19570301,13311,NAB,"BI, NAB",NABISCO INC; NATIONAL BISCUIT CO,,1957-03-01,1974-05-08,wrds,ticker_history_requires_override
1969-12-31,permno-16803-19570301,16803,NAC,NAC,MC KEESPORT TIN PLATE CO; MC KEESPORT TIN PLATE CORP; NATIONAL CAN CORP,,1957-03-01,1985-05-08,wrds,auto
1969-12-31,permno-12503-19570301,12503,NAV,"HR, NAV",INTERNATIONAL HARVESTER CO; NAVISTAR INTERNATIONAL CORP,,1957-03-01,1996-01-02,wrds,ticker_history_requires_override
1969-12-31,permno-28118-19620425,28118,NC,"NCO, NC",NACCO INDUSTRIES INC; NORTH AMERICAN COAL CORP,,1962-04-25,1996-01-02,wrds,ticker_history_requires_override
1969-12-31,permno-19537-19570301,19537,NC,"NCR, NC",NATIONAL CASH REGISTER CO; N C R CORP,,1957-03-01,1991-09-19,wrds,ticker_history_requires_override
1969-12-31,permno-21207-19690515,21207,NEM,NEM,NEWMONT GOLDCORP CORP; NEWMONT CORP; NEWMONT MINING CORP,,1969-05-15,1996-01-02,wrds,reused_symbol_requires_override
1969-12-31,permno-23499-19570301,23499,NES,NES,NEW ENGLAND ELEC SYS,,1957-03-01,1983-11-30,wrds,auto
1969-12-31,permno-13522-19580604,13522,NFK,NFK,NORFOLK & WESTERN RAILWAY CO,,1958-06-04,1982-06-02,wrds,auto
1969-12-31,permno-20570-19570301,20570,NG,NG,NATIONAL GYPSUM CO,,1957-03-01,1986-05-07,wrds,auto
1969-12-31,permno-13303-19570301,13303,NL,"LT, NL",N L INDUSTRIES INC; NATIONAL LEAD CO,,1957-03-01,1994-01-03,wrds,ticker_history_requires_override
1969-12-31,permno-24184-19570301,24184,NMK,NMK,NIAGARA MOHAWK POWER CORP; NIAGARA MOHAWK HOLDINGS INC,,1957-03-01,1996-01-02,wrds,reused_symbol_requires_override
1969-12-31,permno-13573-19570301,13573,NP,NP,NORTHERN PACIFIC RAILWAY CO,,1957-03-01,1970-03-04,wrds,auto
1969-12-31,permno-18948-19570301,18948,NR,"ROK, NV, NR",ROCKWELL INTERNATIONAL CORP; NORTH AMERICAN ROCKWELL CORP; NORTH AMERICAN AVIATION INC,,1957-03-01,1996-01-02,wrds,ticker_history_requires_override
1969-12-31,permno-19019-19570301,19019,NS,NS,NATIONAL STEEL CORP,,1957-03-01,1983-09-12,wrds,auto
1969-12-31,permno-13370-19590225,13370,NTY,NTY,NATIONAL TEA CO,,1959-02-25,1970-04-22,wrds,auto
1969-12-31,permno-34550-19660526,34550,NUM,NUM,NATIONAL UNION ELECTRIC CORP,,1966-05-26,1970-04-22,wrds,auto
1969-12-31,permno-24539-19570301,24539,OAT,OAT,QUAKER OATS CO,,1957-03-01,1996-01-02,wrds,reused_symbol_requires_override
1969-12-31,permno-13661-19570301,13661,OI,OI,OWENS ILLINOIS INC; OWENS ILLINOIS GLASS CO; OWENS BOTTLE CO,,1957-03-01,1987-03-25,wrds,reused_symbol_requires_override
1969-12-31,permno-13610-19570301,13610,OLM,"OLN, OLM",OLIN CORP; MATHIESON ALKALI WKS INC; OLIN MATHIESON CHEM CORP; MATHIESON CHEM CORP,,1957-03-01,1975-02-05,wrds,ticker_history_requires_override
1969-12-31,permno-25232-19570301,25232,ONG,"OKE, ONG",ONEOK INC; OKLAHOMA NAT GAS CO; ONEOK INC NEW,,1957-03-01,1996-01-02,wrds,ticker_history_requires_override
1969-12-31,permno-13637-19570301,13637,OT,OT,OTIS ELEVATOR CO,,1957-03-01,1976-01-14,wrds,auto
1969-12-31,permno-24811-19570301,24811,OWC,"OCF, OWC",OWENS CORNING; OWENS CORNING FIBERGLAS CORP,,1957-03-01,1996-01-02,wrds,ticker_history_requires_override
1969-12-31,permno-10241-19570301,10241,PA,"AC, PA",AMERICAN CAN CO; PRIMERICA CORP,,1957-03-01,1988-12-21,wrds,ticker_history_requires_override
1969-12-31,permno-13792-19570301,13792,PA,"PC, PA",PENN CENTRAL CO; PENNSYLVANIA RAILROAD CO; PENNSYLVANIA NEW YORK CEN TRN CO,,1957-03-01,1972-09-27,wrds,ticker_history_requires_override
1969-12-31,permno-27465-19610208,27465,PAS,PAS,PAN AMERN SULPHUR CO; PASCO INC,,1961-02-08,1972-09-13,wrds,reused_symbol_requires_override
1969-12-31,permno-24459-19570301,24459,PBI,PBI,PITNEY BOWES INC,,1957-03-01,1996-01-02,wrds,reused_symbol_requires_override
1969-12-31,permno-13688-19570301,13688,PCG,PCG,PACIFIC GAS & ELEC CO; P G & E CORP,,1957-03-01,1996-01-02,wrds,reused_symbol_requires_override
1969-12-31,permno-18649-19570703,18649,PCO,"PZS, PZB, BCO, PCO",BRINKS CO; PITTSTON CO,,1957-07-03,1996-01-02,wrds,ticker_history_requires_override
1969-12-31,permno-17806-19570301,17806,PD,PD,PHELPS DODGE CORP,,1957-03-01,1996-01-02,wrds,reused_symbol_requires_override
1969-12-31,permno-20001-19570301,20001,PDC,PDC,PARKE DAVIS & CO,,1957-03-01,1970-11-18,wrds,auto
1969-12-31,permno-22082-19570301,22082,PEL,PEL,PANHANDLE EASTERN PIPE LINE CO; PANENERGY CORP; PANHANDLE EASTERN CORP,,1957-03-01,1996-01-02,wrds,reused_symbol_requires_override
1969-12-31,permno-17267-19670713,17267,PET,PET,PET INC; PET MILK CO,,1967-07-13,1977-05-18,wrds,reused_symbol_requires_override
1969-12-31,permno-19764-19660106,19764,PFB,"AMDA, ABW, PFB",ASSOCIATED BREWING CO; ARMADA CORP; PFEIFFER BREWING CO,,1966-01-06,1970-03-18,wrds,ticker_history_requires_override
1969-12-31,permno-13821-19570301,13821,PGL,PGL,PEOPLES ENERGY CORP; PEOPLES GAS CO; PEOPLES GAS LT & COKE CO,,1957-03-01,1996-01-02,wrds,reused_symbol_requires_override
1969-12-31,permno-16870-19570301,16870,PLT,"PET, PLT",PACIFIC LTG CORP; PACIFIC ENTERPRISES,,1957-03-01,1996-01-02,wrds,ticker_history_requires_override
1969-12-31,permno-20984-19570301,20984,PN,PN,PAN AMERN WORLD AWYS INC; PAN AMERN AWYS CORP; PAN AM CORP,,1957-03-01,1991-01-09,wrds,auto
1969-12-31,permno-45663-19680725,45663,PPI,PPI,PETER PAUL INC,,1968-07-25,1978-05-10,wrds,auto
1969-12-31,permno-26438-19640130,26438,PRD,PRD,POLAROID CORP,,1964-01-30,1996-01-02,wrds,reused_symbol_requires_override
1969-12-31,permno-39992-19660602,39992,PRX,PRX,PUREX CORP; PUREX INDUSTRIES INC; PUREX LTD,,1966-06-02,1982-08-18,wrds,auto
1969-12-31,permno-22613-19661215,22613,PSR,"NCE, PSR",PUBLIC SERVICE CO CO; NEW CENTURY ENERGIES INC,,1966-12-15,1976-06-30,wrds,ticker_history_requires_override
1969-12-31,permno-14066-19570301,14066,PU,PU,PULLMAN CO; PULLMAN INC,,1957-03-01,1980-11-19,wrds,auto
1969-12-31,permno-22787-19570301,22787,PUL,PUL,PUBLICKER INDUSTRIES INC,,1957-03-01,1970-03-18,wrds,auto
1969-12-31,permno-14912-19570301,14912,R,R,UNIROYAL INC; UNITED STATES RUBBER CO,,1957-03-01,1985-09-25,wrds,reused_symbol_requires_override
1969-12-31,permno-28353-19631205,28353,RAL,RAL,RALSTON PURINA CO,,1963-12-05,1996-01-02,wrds,reused_symbol_requires_override
1969-12-31,permno-14090-19570301,14090,RCA,RCA,RADIO CORP AMER; R C A CORP,,1957-03-01,1986-06-11,wrds,auto
1969-12-31,permno-21303-19570301,21303,RCC,RCC,ROYAL CROWN COLA CO; ROYAL CROWN COS INC; NEHI CORP,,1957-03-01,1984-07-18,wrds,auto
1969-12-31,permno-25267-19570301,25267,RD,RD,ROYAL DUTCH PETROLEUM CO,,1957-03-01,1996-01-02,wrds,auto
1969-12-31,permno-14154-19680708,14154,RDGCA,"RDGE, RDGC, RDG, RDGCA",READING ENTERTAINMENT INC; READING CO; READING COMPANY,,1968-07-08,1972-09-27,wrds,ticker_history_requires_override
1969-12-31,permno-25988-19670518,25988,REV,REV,REVLON INC,,1967-05-18,1985-11-20,wrds,auto
1969-12-31,permno-42323-19651104,42323,RGLD,"RG, RGLD",RHEINGOLD CORP,,1965-11-04,1973-06-20,wrds,ticker_history_requires_override
1969-12-31,permno-23587-19570301,23587,RI,RI,CHICAGO ROCK IS & PAC RR CO,,1957-03-01,1972-09-27,wrds,auto
1969-12-31,permno-14218-19570301,14218,RJR,RJR,R J R NABISCO INC; REYNOLDS R J INDUSTRIES INC; REYNOLDS R J TOBACCO CO,,1957-03-01,1989-02-08,wrds,auto
1969-12-31,permno-18921-19570301,18921,RLM,RLM,REYNOLDS METALS CO,,1957-03-01,1996-01-02,wrds,reused_symbol_requires_override
1969-12-31,permno-20343-19680718,20343,ROP,ROP,ROPER GEO D CORP MASS; ROPER CORP; ROPER GEO D CORP; FLORENCE STOVE CO,,1968-07-18,1988-04-13,wrds,reused_symbol_requires_override
1969-12-31,permno-14189-19570301,14189,RS,RS,REPUBLIC IRON & STEEL CO; REPUBLIC STEEL CORP,,1957-03-01,1984-07-18,wrds,auto
1969-12-31,permno-26737-19621018,26737,RTC,"FRO, RTC",FRONTIER CORP; ROCHESTER TELEPHONE CORP,,1962-10-18,1976-06-30,wrds,ticker_history_requires_override
1969-12-31,permno-24942-19570301,24942,RTN,RTN,RAYTHEON MANUFACTURING CO; RAYTHEON CO,,1957-03-01,1996-01-02,wrds,reused_symbol_requires_override
1969-12-31,permno-17646-19570301,17646,RVB,RVB,REPUBLIC BRASS CORP; REVERE COPPER & BRASS INC,,1957-03-01,1981-06-24,wrds,auto
1969-12-31,permno-23050-19570301,23050,RVS,RVS,REEVES BROTHERS INC,,1957-03-01,1982-06-30,wrds,auto
1969-12-31,permno-19430-19570301,19430,RXM,RXM,RICHARDSON MERRELL INC; VICK CHEM CO; VICK CHEM INC,,1957-03-01,1973-05-30,wrds,auto
1969-12-31,permno-25718-19630314,25718,RYR,"KFM, RYR",RYMER FOODS INC; RYMER CO; KROEHLER MFG CO,,1963-03-14,1982-04-07,wrds,ticker_history_requires_override
1969-12-31,permno-31763-19670720,31763,RYT,"FBG, RYT",FABERGE INC; RAYETTE INC; RAYETTE FABERGE INC,,1967-07-20,1984-08-08,wrds,ticker_history_requires_override
1969-12-31,permno-14322-19570301,14322,S,S,SEARS ROEBUCK & CO,,1957-03-01,1996-01-02,wrds,reused_symbol_requires_override
1969-12-31,permno-17291-19570301,17291,SA,SA,SAFEWAY STORES INC,,1957-03-01,1986-11-26,wrds,auto
1969-12-31,permno-39896-19690306,39896,SAF,SAF,SANTA FE INTERNATIONAL CORP; SANTA FE DRILLING CO,,1969-03-06,1981-12-09,wrds,reused_symbol_requires_override
1969-12-31,permno-27596-19680118,27596,SB,"ENG, PSB, PB, SB",ENGELHARD INDUSTRIES INC; PHIBRO SALOMON INC; SALOMON INC; PHIBRO CORP; ENGELHARD MINERALS & CHEMS CORP,,1968-01-18,1996-01-02,wrds,ticker_history_requires_override
1969-12-31,permno-14533-19570301,14533,SB,SB,STANDARD BRANDS INC; FLEISCHMANN CO,,1957-03-01,1981-07-29,wrds,reused_symbol_requires_override
1969-12-31,permno-22410-19670629,22410,SBD,"SCI, SBD",SEABOARD COAST LINE INDS INC; SEABOARD AIR LINE RY CO; SEABOARD COAST LINE RR; SEABOARD COAST LINE RR CO,,1967-06-29,1980-11-05,wrds,ticker_history_requires_override
1969-12-31,permno-24336-19570301,24336,SCO,SCO,SCOVILL MANUFACTURING CO; SCOVILL MFG CO; SCOVILL INC,,1957-03-01,1976-03-03,wrds,auto
1969-12-31,permno-20474-19661013,20474,SCT,"SCM, SCT",SMITH CORONA INC; S C M CORP; SMITH CORONA MARCHANT INC; SMITH & CORONA TYPEWRITERS INC,,1966-10-13,1974-05-08,wrds,ticker_history_requires_override
1969-12-31,permno-46682-19680822,46682,SFF,SFF,SANTA FE INDS INC,,1968-08-22,1983-12-28,wrds,auto
1969-12-31,permno-40723-19670727,40723,SFN,SFN,S F N COMPANIES INC; SCOTT FORESMAN & CO DE,,1967-07-27,1985-02-06,wrds,auto
1969-12-31,permno-36468-19640514,36468,SHW,SHW,SHERWIN WILLIAMS CO,,1964-05-14,1996-01-02,wrds,reused_symbol_requires_override
1969-12-31,permno-14402-19630314,14402,SIM,SIM,SIMMONS COMPANY; SIMMONS CO,,1963-03-14,1979-02-07,wrds,auto
1969-12-31,permno-14250-19570301,14250,SJO,SJO,ST JOSEPH LEAD CO; ST JOE MINERALS CORP,,1957-03-01,1981-09-09,wrds,auto
1969-12-31,permno-14277-19650304,14277,SLB,SLB,SCHLUMBERGER LTD; AMERICAN TYPE FOUNDERS INC; A T F INC; DAYSTROM INC; AMERICAN TYPE FOUNDERS CO,,1965-03-04,1996-01-02,wrds,reused_symbol_requires_override
1969-12-31,permno-45081-19671109,45081,SLZ,SLZ,SCHLITZ JOS BREWING CO,,1967-11-09,1982-06-16,wrds,auto
1969-12-31,permno-24037-19570301,24037,SMB,SMB,SUNBEAM CORP ILL; SUNBEAM CORP IL; SUNBEAM CORP DE,,1957-03-01,1982-01-13,wrds,auto
1969-12-31,permno-27473-19600622,27473,SMF,SMF,SINGER CO; SINGER MANUFACTURING CO,,1960-06-22,1988-02-10,wrds,auto
1969-12-31,permno-44062-19670629,44062,SMI,SMI,SPRINGS MILLS INC; SPRINGS INDUSTRIES INC,,1967-06-29,1996-01-02,wrds,reused_symbol_requires_override
1969-12-31,permno-27000-19650617,27000,SND,"ICA, SND",SAN DIEGO IMPERIAL CORP; IMPERIAL CORP AMER,,1965-06-17,1976-06-30,wrds,ticker_history_requires_override
1969-12-31,permno-21514-19570301,21514,SNT,"SGA, NRG, SNT",SONAT INC; SOUTHERN NAT RES INC; SOUTHERN NAT GAS CO,,1957-03-01,1996-01-02,wrds,ticker_history_requires_override
1969-12-31,permno-21709-19610111,21709,SOC,SOC,SUPERIOR OIL CO,,1961-01-11,1984-10-03,wrds,auto
1969-12-31,permno-15966-19570301,15966,SOM,"MOB, SOM",MOBIL CORP; MOBIL OIL CORP; SOCONY VACUUM OIL INC; SOCONY VACUUM CORP; SOCONY MOBIL OIL INC; STANDARD OIL CO N Y,,1957-03-01,1996-01-02,wrds,ticker_history_requires_override
1969-12-31,permno-26446-19590527,26446,SPK,SPK,STANDARD PACKAGING CORP,,1959-05-27,1970-10-28,wrds,auto
1969-12-31,permno-18032-19570301,18032,SPP,SPP,SCOTT PAPER CO,,1957-03-01,1995-12-12,wrds,auto
1969-12-31,permno-45604-19680118,45604,SQB,SQB,SQUIBB CORP; SQUIBB BEECH NUT INC,,1968-01-18,1970-04-22,wrds,reused_symbol_requires_override
1969-12-31,permno-20079-19570301,20079,SQD,SQD,SQUARE D CO,,1957-03-01,1991-05-21,wrds,auto
1969-12-31,permno-14509-19570301,14509,SR,SR,SOUTHERN RAILWAY CO,,1957-03-01,1982-06-02,wrds,reused_symbol_requires_override
1969-12-31,permno-12781-19570301,12781,SR,"LG, SR",SPIRE INC; LACLEDE GAS & LT CO; LACLEDE GROUP INC; LACLEDE GAS CO,,1957-03-01,1976-06-30,wrds,ticker_history_requires_override
1969-12-31,permno-25013-19570301,25013,SRG,"SGP, SRG",SCHERING PLOUGH CORP; SCHERING CORP,,1957-03-01,1996-01-02,wrds,ticker_history_requires_override
1969-12-31,permno-40010-19640130,40010,SRL,SRL,SEARLE G D & CO,,1964-01-30,1985-09-25,wrds,auto
1969-12-31,permno-23325-19570301,23325,SRT,SRT,ST REGIS PAPER CO; ST REGIS CORP,,1957-03-01,1984-11-21,wrds,auto
1969-12-31,permno-24651-19680613,24651,SRY,SRY,STANRAY CORP; STANDARD RY EQUIP CO,,1968-06-13,1976-06-30,wrds,auto
1969-12-31,permno-22402-19570301,22402,ST,ST,CHICAGO MILWAUKEE ST PAUL & PAC,,1957-03-01,1972-02-18,wrds,auto
1969-12-31,permno-39263-19630613,39263,STA,STA,STALEY A E MANUFACTURING CO; STALEY CONTINENTAL INC,,1963-06-13,1973-02-28,wrds,auto
1969-12-31,permno-23421-19570301,23421,STN,STN,STEVENS J P & CO INC,,1957-03-01,1988-05-11,wrds,auto
1969-12-31,permno-14592-19570301,14592,STY,STY,DRUG INC; STERLING DRUG INC; STERLING PRODS INC,,1957-03-01,1988-02-24,wrds,auto
1969-12-31,permno-14656-19690306,14656,SUN,SUN,SUNOCO INC; SUN INC; SUN OIL CO,,1969-03-06,1996-01-02,wrds,reused_symbol_requires_override
1969-12-31,permno-14357-19570301,14357,SUO,SUO,SHELL OIL CO; SHELL UNION OIL CORP,,1957-03-01,1985-06-12,wrds,auto
1969-12-31,permno-20407-19570301,20407,SVC,"SBC, SVC",STOKELY BROS & CO INC; STOKELY VAN CAMP INC,,1957-03-01,1983-08-31,wrds,ticker_history_requires_override
1969-12-31,permno-39458-19680912,39458,SVM,SVM,SERVOMATION CORP,,1968-09-12,1979-02-07,wrds,auto
1969-12-31,permno-14496-19570301,14496,SX,SX,SOUTHERN PACIFIC CO,,1957-03-01,1983-12-28,wrds,auto
1969-12-31,permno-14525-19570301,14525,SY,SY,SPERRY CORP; REMINGTON TYPEWRITER CO; SPERRY RAND CORP; REMINGTON RAND INC,,1957-03-01,1986-09-17,wrds,auto
1969-12-31,permno-10401-19570301,10401,T,T,AMERICAN TELEPHONE & TELEG CO; A T & T CORP,,1957-03-01,1996-01-02,wrds,reused_symbol_requires_override
1969-12-31,permno-40061-19670223,40061,TEK,TEK,TEKTRONIX INC,,1967-02-23,1996-01-02,wrds,reused_symbol_requires_override
1969-12-31,permno-27940-19661215,27940,TET,TET,TEXAS EASTERN TRANSMISSION CORP; TEXAS EASTERN CORP,,1966-12-15,1989-04-26,wrds,auto
1969-12-31,permno-14859-19570301,14859,TF,TF,FOX FILM CORP; TWENTIETH CENTURY FOX FILM CORP,,1957-03-01,1981-06-24,wrds,auto
1969-12-31,permno-28548-19621025,28548,TFB,TFB,TAFT BROADCASTING CO,,1962-10-25,1987-10-07,wrds,auto
1969-12-31,permno-14760-19570301,14760,TG,TG,TEXASGULF INC; TEXAS GULF SULPHUR CO; TEXAS GULF INC,,1957-03-01,1972-09-13,wrds,reused_symbol_requires_override
1969-12-31,permno-14795-19640220,14795,TKR,TKR,TIMKEN CO; TIMKEN ROLLER BEARING CO,,1964-02-20,1996-01-02,wrds,reused_symbol_requires_override
1969-12-31,permno-40483-19640423,40483,TL,"TWX, TL",TIME INC; TIME WARNER INC,,1964-04-23,1996-01-02,wrds,ticker_history_requires_override
1969-12-31,permno-40635-19651216,40635,TMS,"TMC, TMS",TIMES MIRROR CO,,1965-12-16,1995-01-31,wrds,ticker_history_requires_override
1969-12-31,permno-18147-19570301,18147,TNV,"LOF, ANV, TNV",AEROQUIP VICKERS INC; LIBBEY OWENS GLASS CO; LIBBEY OWENS FORD GLASS CO; LIBBEY OWENS FORD CO; TRINOVA CORP,,1957-03-01,1996-01-02,wrds,ticker_history_requires_override
1969-12-31,permno-25574-19601214,25574,TRA,TRA,TRANE COMPANY; TRANE CO,,1960-12-14,1984-02-29,wrds,auto
1969-12-31,permno-18681-19640220,18681,TRW,TRW,THOMPSON PRODS INC; THOMPSON RAMO WOOLRIDGE INC; T R W INC; THOMPSON RAMO WOOLDRIDGE INC,,1964-02-20,1996-01-02,wrds,reused_symbol_requires_override
1969-12-31,permno-19617-19570301,19617,TWA,TWA,TRANSCONTINENTAL & WESTN AIR INC; TRANS WORLD AIRLINES INC,,1957-03-01,1976-06-30,wrds,auto
1969-12-31,permno-14736-19570301,14736,TX,TX,TEXAS CO; TEXACO INC,,1957-03-01,1996-01-02,wrds,reused_symbol_requires_override
1969-12-31,permno-26788-19661215,26788,TXG,TXG,TEXAS GAS TRANSMISSION CORP; TEXAS GAS RESOURCES CORP; TEXAS GAS CORP,,1966-12-15,1983-10-19,wrds,auto
1969-12-31,permno-15579-19590325,15579,TXN,TXN,INTERCONTINENTAL RUBBER CO; TEXAS INSTRUMENTS INC,,1959-03-25,1996-01-02,wrds,reused_symbol_requires_override
1969-12-31,permno-23579-19631017,23579,TXT,TXT,TEXTRON INC; TEXTRON AMERICAN INC,,1963-10-17,1970-04-22,wrds,reused_symbol_requires_override
1969-12-31,permno-24563-19570301,24563,TXU,TXU,TEXAS UTILITIES CO; T X U CORP,,1957-03-01,1996-01-02,wrds,reused_symbol_requires_override
1969-12-31,permno-16619-19570301,16619,UBS,"KBR, UBS",UNITED BISCUIT CO AMER; KEEBLER CO,,1957-03-01,1974-05-08,wrds,ticker_history_requires_override
1969-12-31,permno-14891-19570301,14891,UCL,UCL,UNOCAL CORP; UNION OIL CO CALIF,,1957-03-01,1996-01-02,wrds,reused_symbol_requires_override
1969-12-31,permno-20853-19570301,20853,UCM,"CWE, UCM",COMMONWEALTH EDISON CO; UNICOM CORP HOLDING CO,,1957-03-01,1996-01-02,wrds,ticker_history_requires_override
1969-12-31,permno-28265-19650617,28265,UFL,UFL,UNITED FINANCIAL CORP CA,,1965-06-17,1973-05-30,wrds,auto
1969-12-31,permno-15659-19570301,15659,UK,UK,UNION CARBIDE & CARBON CORP; UNION CARBIDE CORP; UNION CARBIDE CORP HOLDING CO,,1957-03-01,1996-01-02,wrds,reused_symbol_requires_override
1969-12-31,permno-26921-19680912,26921,UMC,"UD, UMT, UMC",UNIVERSAL MATCH CORP; UNIDYNAMICS CORP; U M C INDUSTRIES INC,,1968-09-12,1981-02-25,wrds,ticker_history_requires_override
1969-12-31,permno-28310-19611206,28310,UN,UN,UNILEVER N V,,1961-12-06,1996-01-02,wrds,reused_symbol_requires_override
1969-12-31,permno-42569-19670831,42569,UNC,UNC,U N C RESOURCES INC; U N C INC; UNITED NUCLEAR CORP,,1967-08-31,1970-04-22,wrds,auto
1969-12-31,permno-48725-19690716,48725,UNP,UNP,UNION PACIFIC CORP,,1969-07-16,1996-01-02,wrds,reused_symbol_requires_override
1969-12-31,permno-19131-19570301,19131,USG,USG,U S G CORP; UNITED STATES GYPSUM CO,,1957-03-01,1992-02-07,wrds,auto
1969-12-31,permno-26366-19580409,26366,USH,"USM, USH",U S M CORP; UNITED SHOE MACHY CORP,,1958-04-09,1976-05-05,wrds,ticker_history_requires_override
1969-12-31,permno-14867-19650930,14867,UV,UV,U V INDUSTRIES INC; UNITED STATES SMLT RFNG & MNG CO,,1965-09-30,1973-05-30,wrds,reused_symbol_requires_override
1969-12-31,permno-27043-19661006,27043,VAR,VAR,VARIAN ASSOCIATES INC; VARIAN MEDICAL SYSTEMS INC; VARIAN ASSOCIATES; VARIAN ASSOC,,1966-10-06,1974-10-16,wrds,reused_symbol_requires_override
1969-12-31,permno-34040-19660519,34040,VAT,"MSE, VAT",MASSEY FERGUSON LTD; VARITY CORP,,1966-05-19,1996-01-02,wrds,ticker_history_requires_override
1969-12-31,permno-23448-19570301,23448,VEL,VEL,VIRGINIA ELECTRIC & POWER CO,,1957-03-01,1983-05-19,wrds,auto
1969-12-31,permno-27238-19680912,27238,VEN,VEN,VENDO CO; VENDO COMPANY,,1968-09-12,1975-12-10,wrds,auto
1969-12-31,permno-22429-19570301,22429,WD,WD,WARD BAKING CO; WARD FOODS INC,,1957-03-01,1973-05-30,wrds,auto
1969-12-31,permno-13290-19570301,13290,WEAR,"MUN, PWA, WEAR",MUNSINGWEAR INC; PREMIUMWEAR INC,,1957-03-01,1979-05-02,wrds,ticker_history_requires_override
1969-12-31,permno-23536-19580219,23536,WEC,"WPC, WEC",WISCONSIN ELEC PWR CO; W E C ENERGY GROUP INC; WISCONSIN ENERGY CORP,,1958-02-19,1983-11-30,wrds,ticker_history_requires_override
1969-12-31,permno-21231-19570301,21231,WGL,WGL,WASHINGTON GAS LT CO; W G L HOLDINGS INC,,1957-03-01,1976-06-30,wrds,auto
1969-12-31,permno-19334-19570301,19334,WH,WH,WHITE MOTOR CO; WHITE MOTOR CORP,,1957-03-01,1980-10-01,wrds,auto
1969-12-31,permno-25419-19590401,25419,WHR,WHR,WHIRLPOOL SEEGER CORP; WHIRLPOOL CORP,,1959-04-01,1996-01-02,wrds,reused_symbol_requires_override
1969-12-31,permno-19238-19570301,19238,WHX,WHX,WHEELING PITTSBURGH STL CORP; WHEELING PITTSBURGH CORP; WHEELING STL CORP,,1957-03-01,1985-04-17,wrds,auto
1969-12-31,permno-24803-19570301,24803,WIN,WIN,WINN & LOVETT GROCERY CO; WINN DIXIE STORES INC,,1957-03-01,1996-01-02,wrds,reused_symbol_requires_override
1969-12-31,permno-24678-19570301,24678,WLA,WLA,WARNER LAMBERT PHARMACEUTICAL CO; WARNER HUDNUT INC; WARNER LAMBERT CO,,1957-03-01,1996-01-02,wrds,reused_symbol_requires_override
1969-12-31,permno-22218-19680201,22218,WRS,"WPI, WRS",WESTERN PACIFIC RAILROAD CO; WESTERN PACIFIC INDS INC DE,,1968-02-01,1976-06-30,wrds,ticker_history_requires_override
1969-12-31,permno-39626-19640227,39626,WS,WS,WARNER & SWASEY CO,,1964-02-27,1980-04-23,wrds,auto
1969-12-31,permno-15237-19570301,15237,WW,WW,WALWORTH COMPANY; WALWORTH CO,,1957-03-01,1972-01-19,wrds,auto
1969-12-31,permno-15472-19570301,15472,WWY,WWY,WRIGLEY WILLIAM JR CO; WRIGLEY CORP,,1957-03-01,1996-01-02,wrds,reused_symbol_requires_override
1969-12-31,permno-39917-19631205,39917,WY,WY,WEYERHAEUSER CO,,1963-12-05,1996-01-02,wrds,reused_symbol_requires_override
1969-12-31,permno-20909-19580409,20909,XLO,"XL, XLO",EX CELL O CORP,,1958-04-09,1986-10-01,wrds,ticker_history_requires_override
1969-12-31,permno-27983-19630905,27983,XRX,XRX,XEROX HOLDINGS CORP; XEROX CORP,,1963-09-05,1996-01-02,wrds,reused_symbol_requires_override
1969-12-31,permno-10436-19570301,10436,ZA,ZA,AMERICAN ZINC LEAD & SMLT CO; AMERICAN ZINC CO,,1957-03-01,1971-06-23,wrds,auto
1969-12-31,permno-17128-19570301,17128,ZB,ZB,CROWN ZELLERBACH CORP,,1957-03-01,1986-05-07,wrds,auto
1969-12-31,permno-18067-19570301,18067,ZE,ZE,ZENITH ELECTRONICS CORP; ZENITH RADIO CORP,,1957-03-01,1995-11-30,wrds,auto
